{
  "yield": {
    "train_rmse": 95.012747684343,
    "train_mae": 54.33213553708176,
    "train_r2": 0.9783653971075327,
    "val_rmse": 215.00789694559617,
    "val_mae": 127.04884663275222,
    "val_r2": 0.895227655473309
  },
  "grades": {
    "train_rmse": 1.2261603200231366,
    "train_mae": 0.9479513856438923,
    "train_r2": 0.9083208287630162,
    "val_rmse": 2.0850217151708264,
    "val_mae": 1.6427119663647254,
    "val_r2": 0.7539887307238679
  },
  "test": {
    "yield_r2": 0.8881838805609736,
    "grades_r2": 0.7477784269520494
  }
}